[
  {
    "description": "    As a user\n    I can login to application",
    "keyword": "Feature",
    "name": "Login",
    "line": 1,
    "id": "login",
    "tags": [],
    "uri": "features/login.feature",
    "elements": [
      {
        "id": "login;user-can-login-to-application",
        "keyword": "Scenario",
        "line": 5,
        "name": "User can login to application",
        "tags": [],
        "type": "scenario",
        "steps": [
          {
            "keyword": "Before",
            "hidden": true,
            "match": {
              "location": "features/support/steps.js:3"
            },
            "result": {
              "status": "passed",
              "duration": 898000000
            }
          },
          {
            "arguments": [],
            "keyword": "Given ",
            "line": 6,
            "name": "I open login page",
            "match": {
              "location": "features/support/steps.js:11"
            },
            "result": {
              "status": "passed",
              "duration": 1612000000
            }
          },
          {
            "arguments": [],
            "keyword": "When ",
            "line": 7,
            "name": "I fill login form",
            "match": {
              "location": "features/support/steps.js:15"
            },
            "result": {
              "status": "passed",
              "duration": 47000000
            }
          },
          {
            "arguments": [],
            "keyword": "And ",
            "line": 8,
            "name": "I click on submit button",
            "match": {
              "location": "features/support/steps.js:19"
            },
            "result": {
              "status": "passed",
              "duration": 26000000
            }
          },
          {
            "arguments": [],
            "keyword": "Then ",
            "line": 9,
            "name": "I expect to see application content",
            "match": {
              "location": "features/support/steps.js:23"
            },
            "result": {
              "status": "passed",
              "duration": 927000000
            }
          },
          {
            "keyword": "After",
            "hidden": true,
            "match": {
              "location": "features/support/steps.js:7"
            },
            "result": {
              "status": "passed",
              "duration": 47000000
            }
          }
        ]
      }
    ]
  }
]